{"stats":{"minecraft:used":{"simplyswords:emberblade":1},"minecraft:custom":{"minecraft:jump":45,"minecraft:time_since_rest":5100,"minecraft:damage_dealt":89,"minecraft:walk_on_water_one_cm":2307,"minecraft:sprint_one_cm":5031,"minecraft:play_time":5100,"minecraft:damage_taken":40,"minecraft:time_since_death":5100,"minecraft:walk_one_cm":2583,"minecraft:sneak_time":1,"minecraft:climb_one_cm":768,"minecraft:total_world_time":5100,"minecraft:fall_one_cm":1320,"minecraft:fly_one_cm":11144}},"DataVersion":3120}