{
  "dungeons_arise:wda_root": {
    "criteria": {
      "WDA": "2024-07-19 23:26:46 +0000"
    },
    "done": true
  },
  "minecraft:recipes/transportation/acacia_boat": {
    "criteria": {
      "in_water": "2024-07-19 23:27:49 +0000"
    },
    "done": true
  },
  "minecraft:recipes/transportation/oak_boat": {
    "criteria": {
      "in_water": "2024-07-19 23:27:49 +0000"
    },
    "done": true
  },
  "minecraft:recipes/transportation/dark_oak_boat": {
    "criteria": {
      "in_water": "2024-07-19 23:27:49 +0000"
    },
    "done": true
  },
  "minecraft:recipes/transportation/birch_boat": {
    "criteria": {
      "in_water": "2024-07-19 23:27:49 +0000"
    },
    "done": true
  },
  "minecraft:recipes/transportation/jungle_boat": {
    "criteria": {
      "in_water": "2024-07-19 23:27:49 +0000"
    },
    "done": true
  },
  "minecraft:recipes/transportation/mangrove_boat": {
    "criteria": {
      "in_water": "2024-07-19 23:27:49 +0000"
    },
    "done": true
  },
  "minecraft:recipes/transportation/spruce_boat": {
    "criteria": {
      "in_water": "2024-07-19 23:27:49 +0000"
    },
    "done": true
  },
  "minecraft:adventure/adventuring_time": {
    "criteria": {
      "minecraft:beach": "2024-07-19 23:28:12 +0000",
      "minecraft:mangrove_swamp": "2024-07-19 23:26:49 +0000",
      "minecraft:river": "2024-07-19 23:28:03 +0000"
    },
    "done": false
  },
  "simplyswords:emberblade": {
    "criteria": {
      "requirement": "2024-07-19 23:30:38 +0000"
    },
    "done": true
  },
  "DataVersion": 3120
}